city_id,city_name,average_rent
1,Ann Arbor,3047.0393700787404
2,Chicago,2353.6666666666665
3,Detroit,1396.0472440944882
